SET search_path TO projet;

-- Supprime toutes les données des tables
DELETE FROM garde;
DELETE FROM contrat;
DELETE FROM parent;
DELETE FROM compte;
DELETE FROM tarifs_en_vigueur;

-- Insère les données pour la table compte
INSERT INTO compte (IdCompte, Pseudo, MotDePasse, flagadmin) VALUES 
(1, 'geek', 'geek', TRUE),
(2, 'chef', 'chef', FALSE),
(3, 'job', 'job', FALSE);

-- Réinitialise l'identifiant IdCompte à 4
ALTER TABLE compte ALTER COLUMN IdCompte RESTART WITH 4;

-- Insère les données pour la table parent
INSERT INTO parent (IdParent, IdCompte, Nom, Prenom, AdressePostale, AdresseEmail, Telephone) VALUES 
(1, 2, 'Dupont', 'Jean', '123 Rue de Paris, Paris', 'jean.dupont@example.com', '0123456789'),
(2, 3, 'Martin', 'Sophie', '456 Avenue de Lyon, Lyon', 'sophie.martin@example.com', '0987654321');

-- Réinitialise l'identifiant IdParent à 4
ALTER TABLE parent ALTER COLUMN IdParent RESTART WITH 4;

-- Insère les données pour la table tarifs_en_vigueur
INSERT INTO tarifs_en_vigueur (IdTarif, TypeTarif, Montant) VALUES 
(1, 'Tarif Horaire Garde', 3.57),  
(2, 'Indemnité Entretien', 0.35),  
(3, 'Indemnité de Repas', 2.50); 

-- Réinitialise l'identifiant IdTarif à 4
ALTER TABLE tarifs_en_vigueur ALTER COLUMN IdTarif RESTART WITH 4;

-- Insère les données pour la table contrat
INSERT INTO contrat (IdContrat, IdParent, NomEnfant, PrenomEnfant, DateNaissanceEnfant, DateDebut, DateFin, TarifHoraire, IndemniteEntretienTauxHoraire, IndemniteEntretienMinimum, IndemniteRepas) VALUES 
(1, 1, 'Lucas', 'Dupont', '2019-05-15', '2024-09-01', '2025-06-30', 3.57, 0.35, 2.65, 1.00),
(2, 2, 'Emma', 'Martin', '2018-04-20', '2024-09-01', '2025-06-30', 3.50, 0.30, 2.00, 1.50),
(3, 1, 'Léa', 'Dupont', '2020-03-10', '2024-09-01', '2025-06-30', 4.00, 0.40, 2.75, 1.20),  
(4, 2, 'Milo', 'Martin', '2019-11-15', '2024-09-01', '2025-06-30', 3.80, 0.35, 2.50, 1.00),
(5, 1, 'Tom', 'Dupont', '2021-02-20', '2024-10-01', '2025-06-30', 3.75, 0.40, 2.50, 1.00),
(6, 2, 'Zoé', 'Martin', '2022-03-15', '2024-10-01', '2025-06-30', 4.20, 0.30, 2.00, 1.50),
(7, 1, 'Max', 'Dupont', '2020-07-10', '2024-10-01', '2025-06-30', 3.80, 0.35, 2.75, 1.20),
(8, 2, 'Ella', 'Martin', '2021-05-25', '2024-10-01', '2025-06-30', 4.00, 0.30, 2.00, 1.00);

-- Réinitialise l'identifiant IdContrat à 4
ALTER TABLE contrat ALTER COLUMN IdContrat RESTART WITH 9;

-- Insère les données pour la table garde
INSERT INTO garde (IdGarde, IdContrat, DateJour, HeureArrivee, HeureDepart, APrisRepas) VALUES 
(1, 1, '2024-01-05', '08:00:00', '16:00:00', TRUE),
(2, 1, '2024-01-06', '08:00:00', '16:00:00', FALSE),
(3, 2, '2024-01-10', '09:00:00', '17:00:00', TRUE),
(4, 2, '2024-01-15', '09:00:00', '17:00:00', FALSE),
(5, 3, '2024-01-20', '08:30:00', '16:30:00', TRUE),
(6, 3, '2024-01-25', '08:30:00', '15:30:00', FALSE),
(7, 4, '2024-01-30', '09:00:00', '17:00:00', TRUE),
(8, 4, '2024-01-31', '09:00:00', '17:00:00', FALSE),
(9, 1, '2024-02-02', '08:00:00', '16:00:00', TRUE),
(10, 1, '2024-02-03', '08:00:00', '16:00:00', FALSE),
(11, 2, '2024-02-10', '09:00:00', '17:00:00', TRUE),
(12, 2, '2024-02-15', '09:00:00', '17:00:00', FALSE),
(13, 3, '2024-02-20', '08:30:00', '16:30:00', TRUE),
(14, 3, '2024-02-25', '08:30:00', '15:30:00', FALSE),
(15, 4, '2024-02-28', '09:00:00', '17:00:00', TRUE),
(16, 4, '2024-03-01', '09:00:00', '17:00:00', FALSE),
(17, 1, '2024-03-05', '08:00:00', '16:00:00', TRUE),
(18, 1, '2024-03-06', '08:00:00', '16:00:00', FALSE),
(19, 2, '2024-03-10', '09:00:00', '17:00:00', TRUE),
(20, 2, '2024-03-15', '09:00:00', '17:00:00', FALSE),
(21, 3, '2024-03-20', '08:30:00', '16:30:00', TRUE),
(22, 3, '2024-03-25', '08:30:00', '15:30:00', FALSE),
(23, 4, '2024-03-30', '09:00:00', '17:00:00', TRUE),
(24, 4, '2024-03-31', '09:00:00', '17:00:00', FALSE),
(25, 1, '2024-04-02', '08:00:00', '16:00:00', TRUE),
(26, 1, '2024-04-03', '08:00:00', '16:00:00', FALSE),
(27, 2, '2024-04-05', '09:00:00', '17:00:00', TRUE),
(28, 2, '2024-04-10', '09:00:00', '17:00:00', FALSE),
(29, 3, '2024-04-15', '08:30:00', '16:30:00', TRUE),
(30, 3, '2024-04-20', '08:30:00', '15:30:00', FALSE),
(31, 4, '2024-04-25', '09:00:00', '17:00:00', TRUE),
(32, 4, '2024-04-30', '09:00:00', '17:00:00', FALSE),
(33, 1, '2024-05-01', '08:00:00', '16:00:00', TRUE),
(34, 1, '2024-05-02', '08:00:00', '16:00:00', FALSE),
(35, 2, '2024-05-03', '09:00:00', '17:00:00', TRUE),
(36, 2, '2024-05-04', '09:00:00', '17:00:00', FALSE),
(37, 3, '2024-05-05', '08:30:00', '16:30:00', TRUE),
(38, 3, '2024-05-10', '08:30:00', '15:30:00', FALSE),
(39, 4, '2024-05-15', '09:00:00', '17:00:00', TRUE),
(40, 4, '2024-05-20', '09:00:00', '17:00:00', FALSE),
(41, 1, '2024-06-01', '08:00:00', '16:00:00', TRUE),
(42, 1, '2024-06-02', '08:00:00', '16:00:00', FALSE),
(43, 2, '2024-06-03', '09:00:00', '17:00:00', TRUE),
(44, 2, '2024-06-04', '09:00:00', '17:00:00', FALSE),
(45, 3, '2024-06-05', '08:30:00', '16:30:00', TRUE),
(46, 3, '2024-06-10', '08:30:00', '15:30:00', FALSE),
(47, 4, '2024-06-15', '09:00:00', '17:00:00', TRUE),
(48, 4, '2024-06-20', '09:00:00', '17:00:00', FALSE),
(49, 1, '2024-07-01', '08:00:00', '16:00:00', TRUE),
(50, 1, '2024-07-02', '08:00:00', '16:00:00', FALSE),
(51, 2, '2024-07-03', '09:00:00', '17:00:00', TRUE),
(52, 2, '2024-07-04', '09:00:00', '17:00:00', FALSE),
(53, 3, '2024-07-05', '08:30:00', '16:30:00', TRUE),
(54, 3, '2024-07-06', '08:30:00', '15:30:00', FALSE),
(55, 4, '2024-08-01', '09:00:00', '17:00:00', TRUE),
(56, 4, '2024-08-02', '09:00:00', '17:00:00', FALSE),
(57, 1, '2024-08-03', '08:00:00', '16:00:00', TRUE),
(58, 1, '2024-08-04', '08:00:00', '16:00:00', FALSE),
(59, 2, '2024-08-05', '09:00:00', '17:00:00', TRUE),
(60, 2, '2024-08-06', '09:00:00', '17:00:00', FALSE),
(61, 3, '2024-09-01', '08:30:00', '16:30:00', TRUE),
(62, 3, '2024-09-02', '08:30:00', '15:30:00', FALSE),
(63, 4, '2024-09-03', '09:00:00', '17:00:00', TRUE),
(64, 4, '2024-09-04', '09:00:00', '17:00:00', FALSE),
(65, 1, '2024-09-05', '08:00:00', '16:00:00', TRUE),
(66, 1, '2024-09-06', '08:00:00', '16:00:00', FALSE),
(67, 2, '2024-09-07', '09:00:00', '17:00:00', TRUE),
(68, 2, '2024-09-08', '09:00:00', '17:00:00', FALSE),
(69, 3, '2024-09-09', '08:30:00', '16:30:00', TRUE),
(70, 3, '2024-09-10', '08:30:00', '15:30:00', FALSE),
(71, 4, '2024-09-11', '09:00:00', '17:00:00', TRUE),
(72, 4, '2024-09-12', '09:00:00', '17:00:00', FALSE),
(73, 1, '2024-10-01', '08:00:00', '16:00:00', TRUE),
(74, 1, '2024-10-02', '08:00:00', '16:00:00', FALSE),
(75, 2, '2024-10-03', '09:00:00', '17:00:00', TRUE),
(76, 2, '2024-10-04', '09:00:00', '17:00:00', FALSE);

-- Réinitialise l'identifiant IdGarde à 77
ALTER TABLE garde ALTER COLUMN IdGarde RESTART WITH 77;